file	percent	reads	taxon_id	taxon_name
SRR12875570_pe-SRR12875570-kaiju.tsv	0.017911	2456	1747	taxonid:1747
SRR12875570_pe-SRR12875570-kaiju.tsv	0.010793	1480	136241	taxonid:136241
SRR12875570_pe-SRR12875570-kaiju.tsv	0.010355	1420	1590	taxonid:1590
SRR12875570_pe-SRR12875570-kaiju.tsv	0.008693	1192	2823518	taxonid:2823518
SRR12875570_pe-SRR12875570-kaiju.tsv	0.006454	885	29501	taxonid:29501
SRR12875570_pe-SRR12875570-kaiju.tsv	0.005768	791	297	taxonid:297
SRR12875570_pe-SRR12875570-kaiju.tsv	0.004186	574	179636	taxonid:179636
SRR12875570_pe-SRR12875570-kaiju.tsv	0.003741	513	470	taxonid:470
SRR12875570_pe-SRR12875570-kaiju.tsv	0.001889	259	1302	taxonid:1302
SRR12875570_pe-SRR12875570-kaiju.tsv	0.001356	186	33889	taxonid:33889
SRR12875570_pe-SRR12875570-kaiju.tsv	0.000970	133	57372	taxonid:57372
SRR12875570_pe-SRR12875570-kaiju.tsv	0.000948	130	216963	taxonid:216963
SRR12875570_pe-SRR12875570-kaiju.tsv	0.000933	128	171632	taxonid:171632
SRR12875570_pe-SRR12875570-kaiju.tsv	0.000802	110	627624	taxonid:627624
SRR12875570_pe-SRR12875570-kaiju.tsv	0.000788	108	65123	taxonid:65123
SRR12875570_pe-SRR12875570-kaiju.tsv	0.000729	100	2792084	taxonid:2792084
SRR12875570_pe-SRR12875570-kaiju.tsv	0.000715	98	141391	taxonid:141391
SRR12875570_pe-SRR12875570-kaiju.tsv	0.000715	98	2666185	taxonid:2666185
SRR12875570_pe-SRR12875570-kaiju.tsv	0.000700	96	911092	taxonid:911092
SRR12875570_pe-SRR12875570-kaiju.tsv	0.000664	91	339	taxonid:339
SRR12875570_pe-SRR12875570-kaiju.tsv	0.000664	91	1006	taxonid:1006
SRR12875570_pe-SRR12875570-kaiju.tsv	0.000620	85	61635	taxonid:61635
SRR12875570_pe-SRR12875570-kaiju.tsv	0.000591	81	502394	taxonid:502394
SRR12875570_pe-SRR12875570-kaiju.tsv	0.000583	80	45498	taxonid:45498
SRR12875570_pe-SRR12875570-kaiju.tsv	0.000569	78	984991	taxonid:984991
SRR12875570_pe-SRR12875570-kaiju.tsv	0.000540	74	291644	taxonid:291644
SRR12875570_pe-SRR12875570-kaiju.tsv	0.000525	72	45668	taxonid:45668
SRR12875570_pe-SRR12875570-kaiju.tsv	0.000510	70	2029983	taxonid:2029983
SRR12875570_pe-SRR12875570-kaiju.tsv	0.000467	64	171695	taxonid:171695
SRR12875570_pe-SRR12875570-kaiju.tsv	0.000459	63	2162713	taxonid:2162713
SRR12875570_pe-SRR12875570-kaiju.tsv	0.000445	61	983544	taxonid:983544
SRR12875570_pe-SRR12875570-kaiju.tsv	0.000430	59	171284	taxonid:171284
SRR12875570_pe-SRR12875570-kaiju.tsv	0.000430	59	1813871	taxonid:1813871
SRR12875570_pe-SRR12875570-kaiju.tsv	0.000423	58	114885	taxonid:114885
SRR12875570_pe-SRR12875570-kaiju.tsv	0.000423	58	2853227	taxonid:2853227
SRR12875570_pe-SRR12875570-kaiju.tsv	0.000387	53	2261	taxonid:2261
SRR12875570_pe-SRR12875570-kaiju.tsv	0.000379	52	2104	taxonid:2104
SRR12875570_pe-SRR12875570-kaiju.tsv	0.000379	52	2562285	taxonid:2562285
SRR12875570_pe-SRR12875570-kaiju.tsv	0.000372	51	1784719	taxonid:1784719
SRR12875570_pe-SRR12875570-kaiju.tsv	0.000357	49	640330	taxonid:640330
SRR12875570_pe-SRR12875570-kaiju.tsv	0.000350	48	2807101	taxonid:2807101
SRR12875570_pe-SRR12875570-kaiju.tsv	0.000335	46	529	taxonid:529
SRR12875570_pe-SRR12875570-kaiju.tsv	0.000328	45	1727164	taxonid:1727164
SRR12875570_pe-SRR12875570-kaiju.tsv	0.000321	44	269673	taxonid:269673
SRR12875570_pe-SRR12875570-kaiju.tsv	0.000321	44	1678728	taxonid:1678728
SRR12875570_pe-SRR12875570-kaiju.tsv	0.000299	41	1598	taxonid:1598
SRR12875570_pe-SRR12875570-kaiju.tsv	0.000299	41	2116	taxonid:2116
SRR12875570_pe-SRR12875570-kaiju.tsv	0.000299	41	861299	taxonid:861299
SRR12875570_pe-SRR12875570-kaiju.tsv	0.000292	40	1241979	taxonid:1241979
SRR12875570_pe-SRR12875570-kaiju.tsv	0.000292	40	1868793	taxonid:1868793
SRR12875570_pe-SRR12875570-kaiju.tsv	0.000284	39	2801918	taxonid:2801918
SRR12875570_pe-SRR12875570-kaiju.tsv	0.000277	38	218144	taxonid:218144
SRR12875570_pe-SRR12875570-kaiju.tsv	0.000277	38	2604941	taxonid:2604941
SRR12875570_pe-SRR12875570-kaiju.tsv	0.000270	37	1474	taxonid:1474
SRR12875570_pe-SRR12875570-kaiju.tsv	0.000263	36	88058	taxonid:88058
SRR12875570_pe-SRR12875570-kaiju.tsv	0.000263	36	2293838	taxonid:2293838
SRR12875570_pe-SRR12875570-kaiju.tsv	0.000255	35	2778902	taxonid:2778902
SRR12875570_pe-SRR12875570-kaiju.tsv	0.000248	34	853	taxonid:853
SRR12875570_pe-SRR12875570-kaiju.tsv	0.000248	34	995	taxonid:995
SRR12875570_pe-SRR12875570-kaiju.tsv	0.000248	34	52022	taxonid:52022
SRR12875570_pe-SRR12875570-kaiju.tsv	0.000248	34	1586287	taxonid:1586287
SRR12875570_pe-SRR12875570-kaiju.tsv	0.000248	34	2109915	taxonid:2109915
SRR12875570_pe-SRR12875570-kaiju.tsv	0.000241	33	1348	taxonid:1348
SRR12875570_pe-SRR12875570-kaiju.tsv	0.000241	33	2725684	taxonid:2725684
SRR12875570_pe-SRR12875570-kaiju.tsv	0.000241	33	2742683	taxonid:2742683
SRR12875570_pe-SRR12875570-kaiju.tsv	0.000226	31	1307839	taxonid:1307839
SRR12875570_pe-SRR12875570-kaiju.tsv	0.000219	30	1642647	taxonid:1642647
SRR12875570_pe-SRR12875570-kaiju.tsv	0.000211	29	198483	taxonid:198483
SRR12875570_pe-SRR12875570-kaiju.tsv	0.000211	29	208479	taxonid:208479
SRR12875570_pe-SRR12875570-kaiju.tsv	0.000211	29	1528099	taxonid:1528099
SRR12875570_pe-SRR12875570-kaiju.tsv	0.000204	28	1076626	taxonid:1076626
SRR12875570_pe-SRR12875570-kaiju.tsv	0.000197	27	1587	taxonid:1587
SRR12875570_pe-SRR12875570-kaiju.tsv	0.000197	27	33989	taxonid:33989
SRR12875570_pe-SRR12875570-kaiju.tsv	0.000197	27	2494375	taxonid:2494375
SRR12875570_pe-SRR12875570-kaiju.tsv	0.000197	27	2502791	taxonid:2502791
SRR12875570_pe-SRR12875570-kaiju.tsv	0.000190	26	282217	taxonid:282217
SRR12875570_pe-SRR12875570-kaiju.tsv	0.000190	26	1453352	taxonid:1453352
SRR12875570_pe-SRR12875570-kaiju.tsv	0.000190	26	1653831	taxonid:1653831
SRR12875570_pe-SRR12875570-kaiju.tsv	0.000182	25	208226	taxonid:208226
SRR12875570_pe-SRR12875570-kaiju.tsv	0.000182	25	2108365	taxonid:2108365
SRR12875570_pe-SRR12875570-kaiju.tsv	0.000182	25	2906076	taxonid:2906076
SRR12875570_pe-SRR12875570-kaiju.tsv	0.000175	24	648995	taxonid:648995
SRR12875570_pe-SRR12875570-kaiju.tsv	0.000175	24	1323375	taxonid:1323375
SRR12875570_pe-SRR12875570-kaiju.tsv	0.000175	24	1434100	taxonid:1434100
SRR12875570_pe-SRR12875570-kaiju.tsv	0.000175	24	1834196	taxonid:1834196
SRR12875570_pe-SRR12875570-kaiju.tsv	0.000175	24	1971488	taxonid:1971488
SRR12875570_pe-SRR12875570-kaiju.tsv	0.000175	24	2004710	taxonid:2004710
SRR12875570_pe-SRR12875570-kaiju.tsv	0.000175	24	2547394	taxonid:2547394
SRR12875570_pe-SRR12875570-kaiju.tsv	0.000168	23	984	taxonid:984
SRR12875570_pe-SRR12875570-kaiju.tsv	0.000168	23	28227	taxonid:28227
SRR12875570_pe-SRR12875570-kaiju.tsv	0.000168	23	29549	taxonid:29549
SRR12875570_pe-SRR12875570-kaiju.tsv	0.000168	23	1156431	taxonid:1156431
SRR12875570_pe-SRR12875570-kaiju.tsv	0.000168	23	2571750	taxonid:2571750
SRR12875570_pe-SRR12875570-kaiju.tsv	0.000160	22	2097	taxonid:2097
SRR12875570_pe-SRR12875570-kaiju.tsv	0.000160	22	187101	taxonid:187101
SRR12875570_pe-SRR12875570-kaiju.tsv	0.000160	22	198618	taxonid:198618
SRR12875570_pe-SRR12875570-kaiju.tsv	0.000160	22	432329	taxonid:432329
SRR12875570_pe-SRR12875570-kaiju.tsv	0.000160	22	1911586	taxonid:1911586
SRR12875570_pe-SRR12875570-kaiju.tsv	0.000160	22	2797167	taxonid:2797167
SRR12875570_pe-SRR12875570-kaiju.tsv	0.000160	22	2866808	taxonid:2866808
SRR12875570_pe-SRR12875570-kaiju.tsv	0.000153	21	259	taxonid:259
SRR12875570_pe-SRR12875570-kaiju.tsv	0.000153	21	981385	taxonid:981385
SRR12875570_pe-SRR12875570-kaiju.tsv	0.000153	21	2606626	taxonid:2606626
SRR12875570_pe-SRR12875570-kaiju.tsv	0.000146	20	1521	taxonid:1521
SRR12875570_pe-SRR12875570-kaiju.tsv	0.000146	20	658062	taxonid:658062
SRR12875570_pe-SRR12875570-kaiju.tsv	0.000139	19	1639	taxonid:1639
SRR12875570_pe-SRR12875570-kaiju.tsv	0.000139	19	650377	taxonid:650377
SRR12875570_pe-SRR12875570-kaiju.tsv	0.000139	19	1979527	taxonid:1979527
SRR12875570_pe-SRR12875570-kaiju.tsv	0.000131	18	485	taxonid:485
SRR12875570_pe-SRR12875570-kaiju.tsv	0.000131	18	2113	taxonid:2113
SRR12875570_pe-SRR12875570-kaiju.tsv	0.000131	18	116092	taxonid:116092
SRR12875570_pe-SRR12875570-kaiju.tsv	0.000131	18	172042	taxonid:172042
SRR12875570_pe-SRR12875570-kaiju.tsv	0.000131	18	2036206	taxonid:2036206
SRR12875570_pe-SRR12875570-kaiju.tsv	0.000124	17	1284	taxonid:1284
SRR12875570_pe-SRR12875570-kaiju.tsv	0.000124	17	1296	taxonid:1296
SRR12875570_pe-SRR12875570-kaiju.tsv	0.000124	17	2109	taxonid:2109
SRR12875570_pe-SRR12875570-kaiju.tsv	0.000124	17	222136	taxonid:222136
SRR12875570_pe-SRR12875570-kaiju.tsv	0.000124	17	2109558	taxonid:2109558
SRR12875570_pe-SRR12875570-kaiju.tsv	0.000117	16	33059	taxonid:33059
SRR12875570_pe-SRR12875570-kaiju.tsv	0.000117	16	218936	taxonid:218936
SRR12875570_pe-SRR12875570-kaiju.tsv	0.000117	16	244734	taxonid:244734
SRR12875570_pe-SRR12875570-kaiju.tsv	0.000117	16	1031538	taxonid:1031538
SRR12875570_pe-SRR12875570-kaiju.tsv	0.000117	16	1712410	taxonid:1712410
SRR12875570_pe-SRR12875570-kaiju.tsv	0.000117	16	1749074	taxonid:1749074
SRR12875570_pe-SRR12875570-kaiju.tsv	0.000117	16	2494234	taxonid:2494234
SRR12875570_pe-SRR12875570-kaiju.tsv	0.000117	16	2651334	taxonid:2651334
SRR12875570_pe-SRR12875570-kaiju.tsv	0.000117	16	2748320	taxonid:2748320
SRR12875570_pe-SRR12875570-kaiju.tsv	0.000109	15	959	taxonid:959
SRR12875570_pe-SRR12875570-kaiju.tsv	0.000109	15	2095	taxonid:2095
SRR12875570_pe-SRR12875570-kaiju.tsv	0.000109	15	2371	taxonid:2371
SRR12875570_pe-SRR12875570-kaiju.tsv	0.000109	15	51197	taxonid:51197
SRR12875570_pe-SRR12875570-kaiju.tsv	0.000109	15	85874	taxonid:85874
SRR12875570_pe-SRR12875570-kaiju.tsv	0.000109	15	109328	taxonid:109328
SRR12875570_pe-SRR12875570-kaiju.tsv	0.000109	15	1882682	taxonid:1882682
SRR12875570_pe-SRR12875570-kaiju.tsv	0.000109	15	2602769	taxonid:2602769
SRR12875570_pe-SRR12875570-kaiju.tsv	0.000102	14	562	taxonid:562
SRR12875570_pe-SRR12875570-kaiju.tsv	0.000102	14	827	taxonid:827
SRR12875570_pe-SRR12875570-kaiju.tsv	0.000102	14	54005	taxonid:54005
SRR12875570_pe-SRR12875570-kaiju.tsv	0.000102	14	56957	taxonid:56957
SRR12875570_pe-SRR12875570-kaiju.tsv	0.000102	14	119206	taxonid:119206
SRR12875570_pe-SRR12875570-kaiju.tsv	0.000102	14	165179	taxonid:165179
SRR12875570_pe-SRR12875570-kaiju.tsv	0.000102	14	767892	taxonid:767892
SRR12875570_pe-SRR12875570-kaiju.tsv	0.000102	14	1603606	taxonid:1603606
SRR12875570_pe-SRR12875570-kaiju.tsv	0.000102	14	1838286	taxonid:1838286
SRR12875570_pe-SRR12875570-kaiju.tsv	0.000102	14	2897181	taxonid:2897181
SRR12875570_pe-SRR12875570-kaiju.tsv	0.000095	13	1307	taxonid:1307
SRR12875570_pe-SRR12875570-kaiju.tsv	0.000095	13	2100	taxonid:2100
SRR12875570_pe-SRR12875570-kaiju.tsv	0.000095	13	33034	taxonid:33034
SRR12875570_pe-SRR12875570-kaiju.tsv	0.000095	13	195253	taxonid:195253
SRR12875570_pe-SRR12875570-kaiju.tsv	0.000095	13	1714848	taxonid:1714848
SRR12875570_pe-SRR12875570-kaiju.tsv	0.000095	13	2183896	taxonid:2183896
SRR12875570_pe-SRR12875570-kaiju.tsv	0.000088	12	33025	taxonid:33025
SRR12875570_pe-SRR12875570-kaiju.tsv	0.000088	12	53461	taxonid:53461
SRR12875570_pe-SRR12875570-kaiju.tsv	0.000088	12	83455	taxonid:83455
SRR12875570_pe-SRR12875570-kaiju.tsv	0.000088	12	225991	taxonid:225991
SRR12875570_pe-SRR12875570-kaiju.tsv	0.000088	12	379895	taxonid:379895
SRR12875570_pe-SRR12875570-kaiju.tsv	0.000088	12	617123	taxonid:617123
SRR12875570_pe-SRR12875570-kaiju.tsv	0.000088	12	1550024	taxonid:1550024
SRR12875570_pe-SRR12875570-kaiju.tsv	0.000088	12	2005262	taxonid:2005262
SRR12875570_pe-SRR12875570-kaiju.tsv	0.000088	12	2184083	taxonid:2184083
SRR12875570_pe-SRR12875570-kaiju.tsv	0.000088	12	2862509	taxonid:2862509
SRR12875570_pe-SRR12875570-kaiju.tsv	0.000088	12	2875962	taxonid:2875962
SRR12875570_pe-SRR12875570-kaiju.tsv	0.000080	11	948	taxonid:948
SRR12875570_pe-SRR12875570-kaiju.tsv	0.000080	11	1282	taxonid:1282
SRR12875570_pe-SRR12875570-kaiju.tsv	0.000080	11	28072	taxonid:28072
SRR12875570_pe-SRR12875570-kaiju.tsv	0.000080	11	29391	taxonid:29391
SRR12875570_pe-SRR12875570-kaiju.tsv	0.000080	11	71667	taxonid:71667
SRR12875570_pe-SRR12875570-kaiju.tsv	0.000080	11	143361	taxonid:143361
SRR12875570_pe-SRR12875570-kaiju.tsv	0.000080	11	398053	taxonid:398053
SRR12875570_pe-SRR12875570-kaiju.tsv	0.000080	11	452627	taxonid:452627
SRR12875570_pe-SRR12875570-kaiju.tsv	0.000080	11	477680	taxonid:477680
SRR12875570_pe-SRR12875570-kaiju.tsv	0.000080	11	1581557	taxonid:1581557
SRR12875570_pe-SRR12875570-kaiju.tsv	0.000080	11	2086471	taxonid:2086471
SRR12875570_pe-SRR12875570-kaiju.tsv	0.000080	11	2478552	taxonid:2478552
SRR12875570_pe-SRR12875570-kaiju.tsv	0.000080	11	2838157	taxonid:2838157
SRR12875570_pe-SRR12875570-kaiju.tsv	0.000073	10	1580	taxonid:1580
SRR12875570_pe-SRR12875570-kaiju.tsv	0.000073	10	1750	taxonid:1750
SRR12875570_pe-SRR12875570-kaiju.tsv	0.000073	10	2426	taxonid:2426
SRR12875570_pe-SRR12875570-kaiju.tsv	0.000073	10	29542	taxonid:29542
SRR12875570_pe-SRR12875570-kaiju.tsv	0.000073	10	196914	taxonid:196914
SRR12875570_pe-SRR12875570-kaiju.tsv	0.000073	10	328812	taxonid:328812
SRR12875570_pe-SRR12875570-kaiju.tsv	0.000073	10	405212	taxonid:405212
SRR12875570_pe-SRR12875570-kaiju.tsv	0.000073	10	653931	taxonid:653931
SRR12875570_pe-SRR12875570-kaiju.tsv	0.000073	10	885581	taxonid:885581
SRR12875570_pe-SRR12875570-kaiju.tsv	0.000073	10	1535768	taxonid:1535768
SRR12875570_pe-SRR12875570-kaiju.tsv	0.000073	10	1642646	taxonid:1642646
SRR12875570_pe-SRR12875570-kaiju.tsv	0.000073	10	1929246	taxonid:1929246
SRR12875570_pe-SRR12875570-kaiju.tsv	0.000073	10	2049305	taxonid:2049305
SRR12875570_pe-SRR12875570-kaiju.tsv	0.000073	10	2259340	taxonid:2259340
SRR12875570_pe-SRR12875570-kaiju.tsv	0.000073	10	2604421	taxonid:2604421
SRR12875570_pe-SRR12875570-kaiju.tsv	0.000073	10	2779518	taxonid:2779518
SRR12875570_pe-SRR12875570-kaiju.tsv	0.000066	9	56	taxonid:56
SRR12875570_pe-SRR12875570-kaiju.tsv	0.000066	9	28903	taxonid:28903
SRR12875570_pe-SRR12875570-kaiju.tsv	0.000066	9	34105	taxonid:34105
SRR12875570_pe-SRR12875570-kaiju.tsv	0.000066	9	40324	taxonid:40324
SRR12875570_pe-SRR12875570-kaiju.tsv	0.000066	9	45361	taxonid:45361
SRR12875570_pe-SRR12875570-kaiju.tsv	0.000066	9	47421	taxonid:47421
SRR12875570_pe-SRR12875570-kaiju.tsv	0.000066	9	336810	taxonid:336810
SRR12875570_pe-SRR12875570-kaiju.tsv	0.000066	9	549298	taxonid:549298
SRR12875570_pe-SRR12875570-kaiju.tsv	0.000066	9	562959	taxonid:562959
SRR12875570_pe-SRR12875570-kaiju.tsv	0.000066	9	633807	taxonid:633807
SRR12875570_pe-SRR12875570-kaiju.tsv	0.000066	9	1273132	taxonid:1273132
SRR12875570_pe-SRR12875570-kaiju.tsv	0.000066	9	1286698	taxonid:1286698
SRR12875570_pe-SRR12875570-kaiju.tsv	0.000066	9	1742359	taxonid:1742359
SRR12875570_pe-SRR12875570-kaiju.tsv	0.000066	9	2109914	taxonid:2109914
SRR12875570_pe-SRR12875570-kaiju.tsv	0.000066	9	2201271	taxonid:2201271
SRR12875570_pe-SRR12875570-kaiju.tsv	0.000058	8	45655	taxonid:45655
SRR12875570_pe-SRR12875570-kaiju.tsv	0.000058	8	48003	taxonid:48003
SRR12875570_pe-SRR12875570-kaiju.tsv	0.000058	8	75906	taxonid:75906
SRR12875570_pe-SRR12875570-kaiju.tsv	0.000058	8	86660	taxonid:86660
SRR12875570_pe-SRR12875570-kaiju.tsv	0.000058	8	251535	taxonid:251535
SRR12875570_pe-SRR12875570-kaiju.tsv	0.000058	8	1219491	taxonid:1219491
SRR12875570_pe-SRR12875570-kaiju.tsv	0.000058	8	1458355	taxonid:1458355
SRR12875570_pe-SRR12875570-kaiju.tsv	0.000058	8	1673428	taxonid:1673428
SRR12875570_pe-SRR12875570-kaiju.tsv	0.000058	8	2681470	taxonid:2681470
SRR12875570_pe-SRR12875570-kaiju.tsv	0.000058	8	2697027	taxonid:2697027
SRR12875570_pe-SRR12875570-kaiju.tsv	0.000051	7	833	taxonid:833
SRR12875570_pe-SRR12875570-kaiju.tsv	0.000051	7	1308	taxonid:1308
SRR12875570_pe-SRR12875570-kaiju.tsv	0.000051	7	2120	taxonid:2120
SRR12875570_pe-SRR12875570-kaiju.tsv	0.000051	7	40216	taxonid:40216
SRR12875570_pe-SRR12875570-kaiju.tsv	0.000051	7	46355	taxonid:46355
SRR12875570_pe-SRR12875570-kaiju.tsv	0.000051	7	52227	taxonid:52227
SRR12875570_pe-SRR12875570-kaiju.tsv	0.000051	7	61645	taxonid:61645
SRR12875570_pe-SRR12875570-kaiju.tsv	0.000051	7	90245	taxonid:90245
SRR12875570_pe-SRR12875570-kaiju.tsv	0.000051	7	114881	taxonid:114881
SRR12875570_pe-SRR12875570-kaiju.tsv	0.000051	7	156976	taxonid:156976
SRR12875570_pe-SRR12875570-kaiju.tsv	0.000051	7	436516	taxonid:436516
SRR12875570_pe-SRR12875570-kaiju.tsv	0.000051	7	468911	taxonid:468911
SRR12875570_pe-SRR12875570-kaiju.tsv	0.000051	7	538220	taxonid:538220
SRR12875570_pe-SRR12875570-kaiju.tsv	0.000051	7	756892	taxonid:756892
SRR12875570_pe-SRR12875570-kaiju.tsv	0.000051	7	889453	taxonid:889453
SRR12875570_pe-SRR12875570-kaiju.tsv	0.000051	7	1124597	taxonid:1124597
SRR12875570_pe-SRR12875570-kaiju.tsv	0.000051	7	1543721	taxonid:1543721
SRR12875570_pe-SRR12875570-kaiju.tsv	0.000051	7	1581680	taxonid:1581680
SRR12875570_pe-SRR12875570-kaiju.tsv	0.000051	7	1612150	taxonid:1612150
SRR12875570_pe-SRR12875570-kaiju.tsv	0.000051	7	1697053	taxonid:1697053
SRR12875570_pe-SRR12875570-kaiju.tsv	0.000051	7	1704044	taxonid:1704044
SRR12875570_pe-SRR12875570-kaiju.tsv	0.000051	7	1796646	taxonid:1796646
SRR12875570_pe-SRR12875570-kaiju.tsv	0.000051	7	1848904	taxonid:1848904
SRR12875570_pe-SRR12875570-kaiju.tsv	0.000051	7	1850252	taxonid:1850252
SRR12875570_pe-SRR12875570-kaiju.tsv	0.000051	7	2561898	taxonid:2561898
SRR12875570_pe-SRR12875570-kaiju.tsv	0.000051	7	2676077	taxonid:2676077
SRR12875570_pe-SRR12875570-kaiju.tsv	0.000051	7	2735436	taxonid:2735436
SRR12875570_pe-SRR12875570-kaiju.tsv	0.000051	7	2739434	taxonid:2739434
SRR12875570_pe-SRR12875570-kaiju.tsv	0.000051	7	2740462	taxonid:2740462
SRR12875570_pe-SRR12875570-kaiju.tsv	0.000051	7	2893884	taxonid:2893884
SRR12875570_pe-SRR12875570-kaiju.tsv	0.000044	6	246	taxonid:246
SRR12875570_pe-SRR12875570-kaiju.tsv	0.000044	6	894	taxonid:894
SRR12875570_pe-SRR12875570-kaiju.tsv	0.000044	6	1260	taxonid:1260
SRR12875570_pe-SRR12875570-kaiju.tsv	0.000044	6	1290	taxonid:1290
SRR12875570_pe-SRR12875570-kaiju.tsv	0.000044	6	1912	taxonid:1912
SRR12875570_pe-SRR12875570-kaiju.tsv	0.000044	6	33010	taxonid:33010
SRR12875570_pe-SRR12875570-kaiju.tsv	0.000044	6	35787	taxonid:35787
SRR12875570_pe-SRR12875570-kaiju.tsv	0.000044	6	37930	taxonid:37930
SRR12875570_pe-SRR12875570-kaiju.tsv	0.000044	6	44008	taxonid:44008
SRR12875570_pe-SRR12875570-kaiju.tsv	0.000044	6	45656	taxonid:45656
SRR12875570_pe-SRR12875570-kaiju.tsv	0.000044	6	71452	taxonid:71452
SRR12875570_pe-SRR12875570-kaiju.tsv	0.000044	6	74700	taxonid:74700
SRR12875570_pe-SRR12875570-kaiju.tsv	0.000044	6	225992	taxonid:225992
SRR12875570_pe-SRR12875570-kaiju.tsv	0.000044	6	375549	taxonid:375549
SRR12875570_pe-SRR12875570-kaiju.tsv	0.000044	6	715473	taxonid:715473
SRR12875570_pe-SRR12875570-kaiju.tsv	0.000044	6	1653480	taxonid:1653480
SRR12875570_pe-SRR12875570-kaiju.tsv	0.000044	6	1699371	taxonid:1699371
SRR12875570_pe-SRR12875570-kaiju.tsv	0.000044	6	1855912	taxonid:1855912
SRR12875570_pe-SRR12875570-kaiju.tsv	0.000044	6	2115978	taxonid:2115978
SRR12875570_pe-SRR12875570-kaiju.tsv	0.000044	6	2259595	taxonid:2259595
SRR12875570_pe-SRR12875570-kaiju.tsv	0.000044	6	2603215	taxonid:2603215
SRR12875570_pe-SRR12875570-kaiju.tsv	0.000044	6	2810512	taxonid:2810512
SRR12875570_pe-SRR12875570-kaiju.tsv	0.000044	6	2866311	taxonid:2866311
SRR12875570_pe-SRR12875570-kaiju.tsv	0.000044	6	2895522	taxonid:2895522
SRR12875570_pe-SRR12875570-kaiju.tsv	0.000036	5	193	taxonid:193
SRR12875570_pe-SRR12875570-kaiju.tsv	0.000036	5	405	taxonid:405
SRR12875570_pe-SRR12875570-kaiju.tsv	0.000036	5	986	taxonid:986
SRR12875570_pe-SRR12875570-kaiju.tsv	0.000036	5	1681	taxonid:1681
SRR12875570_pe-SRR12875570-kaiju.tsv	0.000036	5	1792	taxonid:1792
SRR12875570_pe-SRR12875570-kaiju.tsv	0.000036	5	2124	taxonid:2124
SRR12875570_pe-SRR12875570-kaiju.tsv	0.000036	5	29561	taxonid:29561
SRR12875570_pe-SRR12875570-kaiju.tsv	0.000036	5	61647	taxonid:61647
SRR12875570_pe-SRR12875570-kaiju.tsv	0.000036	5	80816	taxonid:80816
SRR12875570_pe-SRR12875570-kaiju.tsv	0.000036	5	113267	taxonid:113267
SRR12875570_pe-SRR12875570-kaiju.tsv	0.000036	5	134821	taxonid:134821
SRR12875570_pe-SRR12875570-kaiju.tsv	0.000036	5	157782	taxonid:157782
SRR12875570_pe-SRR12875570-kaiju.tsv	0.000036	5	171404	taxonid:171404
SRR12875570_pe-SRR12875570-kaiju.tsv	0.000036	5	216944	taxonid:216944
SRR12875570_pe-SRR12875570-kaiju.tsv	0.000036	5	239935	taxonid:239935
SRR12875570_pe-SRR12875570-kaiju.tsv	0.000036	5	299262	taxonid:299262
SRR12875570_pe-SRR12875570-kaiju.tsv	0.000036	5	353851	taxonid:353851
SRR12875570_pe-SRR12875570-kaiju.tsv	0.000036	5	401619	taxonid:401619
SRR12875570_pe-SRR12875570-kaiju.tsv	0.000036	5	487316	taxonid:487316
SRR12875570_pe-SRR12875570-kaiju.tsv	0.000036	5	1178482	taxonid:1178482
SRR12875570_pe-SRR12875570-kaiju.tsv	0.000036	5	1345117	taxonid:1345117
SRR12875570_pe-SRR12875570-kaiju.tsv	0.000036	5	1356852	taxonid:1356852
SRR12875570_pe-SRR12875570-kaiju.tsv	0.000036	5	1415630	taxonid:1415630
SRR12875570_pe-SRR12875570-kaiju.tsv	0.000036	5	1849581	taxonid:1849581
SRR12875570_pe-SRR12875570-kaiju.tsv	0.000036	5	1963025	taxonid:1963025
SRR12875570_pe-SRR12875570-kaiju.tsv	0.000036	5	2038776	taxonid:2038776
SRR12875570_pe-SRR12875570-kaiju.tsv	0.000036	5	2055160	taxonid:2055160
SRR12875570_pe-SRR12875570-kaiju.tsv	0.000036	5	2486273	taxonid:2486273
SRR12875570_pe-SRR12875570-kaiju.tsv	0.000036	5	2502779	taxonid:2502779
SRR12875570_pe-SRR12875570-kaiju.tsv	0.000036	5	2507160	taxonid:2507160
SRR12875570_pe-SRR12875570-kaiju.tsv	0.000036	5	2603277	taxonid:2603277
SRR12875570_pe-SRR12875570-kaiju.tsv	0.000036	5	2666132	taxonid:2666132
SRR12875570_pe-SRR12875570-kaiju.tsv	0.000036	5	2816950	taxonid:2816950
SRR12875570_pe-SRR12875570-kaiju.tsv	0.000036	5	2893883	taxonid:2893883
SRR12875570_pe-SRR12875570-kaiju.tsv	0.000029	4	1398	taxonid:1398
SRR12875570_pe-SRR12875570-kaiju.tsv	0.000029	4	1650	taxonid:1650
SRR12875570_pe-SRR12875570-kaiju.tsv	0.000029	4	1660	taxonid:1660
SRR12875570_pe-SRR12875570-kaiju.tsv	0.000029	4	2099	taxonid:2099
SRR12875570_pe-SRR12875570-kaiju.tsv	0.000029	4	2151	taxonid:2151
SRR12875570_pe-SRR12875570-kaiju.tsv	0.000029	4	29394	taxonid:29394
SRR12875570_pe-SRR12875570-kaiju.tsv	0.000029	4	29510	taxonid:29510
SRR12875570_pe-SRR12875570-kaiju.tsv	0.000029	4	33074	taxonid:33074
SRR12875570_pe-SRR12875570-kaiju.tsv	0.000029	4	38986	taxonid:38986
SRR12875570_pe-SRR12875570-kaiju.tsv	0.000029	4	44012	taxonid:44012
SRR12875570_pe-SRR12875570-kaiju.tsv	0.000029	4	46125	taxonid:46125
SRR12875570_pe-SRR12875570-kaiju.tsv	0.000029	4	47312	taxonid:47312
SRR12875570_pe-SRR12875570-kaiju.tsv	0.000029	4	47834	taxonid:47834
SRR12875570_pe-SRR12875570-kaiju.tsv	0.000029	4	50052	taxonid:50052
SRR12875570_pe-SRR12875570-kaiju.tsv	0.000029	4	79263	taxonid:79263
SRR12875570_pe-SRR12875570-kaiju.tsv	0.000029	4	146786	taxonid:146786
SRR12875570_pe-SRR12875570-kaiju.tsv	0.000029	4	155925	taxonid:155925
SRR12875570_pe-SRR12875570-kaiju.tsv	0.000029	4	231049	taxonid:231049
SRR12875570_pe-SRR12875570-kaiju.tsv	0.000029	4	301301	taxonid:301301
SRR12875570_pe-SRR12875570-kaiju.tsv	0.000029	4	393921	taxonid:393921
SRR12875570_pe-SRR12875570-kaiju.tsv	0.000029	4	434008	taxonid:434008
SRR12875570_pe-SRR12875570-kaiju.tsv	0.000029	4	450378	taxonid:450378
SRR12875570_pe-SRR12875570-kaiju.tsv	0.000029	4	466153	taxonid:466153
SRR12875570_pe-SRR12875570-kaiju.tsv	0.000029	4	661481	taxonid:661481
SRR12875570_pe-SRR12875570-kaiju.tsv	0.000029	4	1170699	taxonid:1170699
SRR12875570_pe-SRR12875570-kaiju.tsv	0.000029	4	1209493	taxonid:1209493
SRR12875570_pe-SRR12875570-kaiju.tsv	0.000029	4	1325100	taxonid:1325100
SRR12875570_pe-SRR12875570-kaiju.tsv	0.000029	4	1390395	taxonid:1390395
SRR12875570_pe-SRR12875570-kaiju.tsv	0.000029	4	1458307	taxonid:1458307
SRR12875570_pe-SRR12875570-kaiju.tsv	0.000029	4	1472345	taxonid:1472345
SRR12875570_pe-SRR12875570-kaiju.tsv	0.000029	4	1501662	taxonid:1501662
SRR12875570_pe-SRR12875570-kaiju.tsv	0.000029	4	1514105	taxonid:1514105
SRR12875570_pe-SRR12875570-kaiju.tsv	0.000029	4	1549858	taxonid:1549858
SRR12875570_pe-SRR12875570-kaiju.tsv	0.000029	4	1560345	taxonid:1560345
SRR12875570_pe-SRR12875570-kaiju.tsv	0.000029	4	1660078	taxonid:1660078
SRR12875570_pe-SRR12875570-kaiju.tsv	0.000029	4	1842540	taxonid:1842540
SRR12875570_pe-SRR12875570-kaiju.tsv	0.000029	4	1926868	taxonid:1926868
SRR12875570_pe-SRR12875570-kaiju.tsv	0.000029	4	2005703	taxonid:2005703
SRR12875570_pe-SRR12875570-kaiju.tsv	0.000029	4	2319844	taxonid:2319844
SRR12875570_pe-SRR12875570-kaiju.tsv	0.000029	4	2479546	taxonid:2479546
SRR12875570_pe-SRR12875570-kaiju.tsv	0.000029	4	2496866	taxonid:2496866
SRR12875570_pe-SRR12875570-kaiju.tsv	0.000029	4	2714855	taxonid:2714855
SRR12875570_pe-SRR12875570-kaiju.tsv	0.000029	4	2714930	taxonid:2714930
SRR12875570_pe-SRR12875570-kaiju.tsv	0.000029	4	2726954	taxonid:2726954
SRR12875570_pe-SRR12875570-kaiju.tsv	0.000029	4	2731220	taxonid:2731220
SRR12875570_pe-SRR12875570-kaiju.tsv	0.000029	4	2777185	taxonid:2777185
SRR12875570_pe-SRR12875570-kaiju.tsv	0.000029	4	2806443	taxonid:2806443
SRR12875570_pe-SRR12875570-kaiju.tsv	0.000029	4	2829818	taxonid:2829818
SRR12875570_pe-SRR12875570-kaiju.tsv	0.000029	4	2899220	taxonid:2899220
SRR12875570_pe-SRR12875570-kaiju.tsv	0.000022	3	285	taxonid:285
SRR12875570_pe-SRR12875570-kaiju.tsv	0.000022	3	300	taxonid:300
SRR12875570_pe-SRR12875570-kaiju.tsv	0.000022	3	316	taxonid:316
SRR12875570_pe-SRR12875570-kaiju.tsv	0.000022	3	788	taxonid:788
SRR12875570_pe-SRR12875570-kaiju.tsv	0.000022	3	821	taxonid:821
SRR12875570_pe-SRR12875570-kaiju.tsv	0.000022	3	964	taxonid:964
SRR12875570_pe-SRR12875570-kaiju.tsv	0.000022	3	1491	taxonid:1491
SRR12875570_pe-SRR12875570-kaiju.tsv	0.000022	3	1497	taxonid:1497
SRR12875570_pe-SRR12875570-kaiju.tsv	0.000022	3	2051	taxonid:2051
SRR12875570_pe-SRR12875570-kaiju.tsv	0.000022	3	2133	taxonid:2133
SRR12875570_pe-SRR12875570-kaiju.tsv	0.000022	3	2352	taxonid:2352
SRR12875570_pe-SRR12875570-kaiju.tsv	0.000022	3	28901	taxonid:28901
SRR12875570_pe-SRR12875570-kaiju.tsv	0.000022	3	34062	taxonid:34062
SRR12875570_pe-SRR12875570-kaiju.tsv	0.000022	3	35554	taxonid:35554
SRR12875570_pe-SRR12875570-kaiju.tsv	0.000022	3	40269	taxonid:40269
SRR12875570_pe-SRR12875570-kaiju.tsv	0.000022	3	51365	taxonid:51365
SRR12875570_pe-SRR12875570-kaiju.tsv	0.000022	3	53346	taxonid:53346
SRR12875570_pe-SRR12875570-kaiju.tsv	0.000022	3	59930	taxonid:59930
SRR12875570_pe-SRR12875570-kaiju.tsv	0.000022	3	137732	taxonid:137732
SRR12875570_pe-SRR12875570-kaiju.tsv	0.000022	3	150829	taxonid:150829
SRR12875570_pe-SRR12875570-kaiju.tsv	0.000022	3	166486	taxonid:166486
SRR12875570_pe-SRR12875570-kaiju.tsv	0.000022	3	187493	taxonid:187493
SRR12875570_pe-SRR12875570-kaiju.tsv	0.000022	3	188913	taxonid:188913
SRR12875570_pe-SRR12875570-kaiju.tsv	0.000022	3	191579	taxonid:191579
SRR12875570_pe-SRR12875570-kaiju.tsv	0.000022	3	216778	taxonid:216778
SRR12875570_pe-SRR12875570-kaiju.tsv	0.000022	3	237258	taxonid:237258
SRR12875570_pe-SRR12875570-kaiju.tsv	0.000022	3	253239	taxonid:253239
SRR12875570_pe-SRR12875570-kaiju.tsv	0.000022	3	283734	taxonid:283734
SRR12875570_pe-SRR12875570-kaiju.tsv	0.000022	3	295596	taxonid:295596
SRR12875570_pe-SRR12875570-kaiju.tsv	0.000022	3	307486	taxonid:307486
SRR12875570_pe-SRR12875570-kaiju.tsv	0.000022	3	547987	taxonid:547987
SRR12875570_pe-SRR12875570-kaiju.tsv	0.000022	3	632773	taxonid:632773
SRR12875570_pe-SRR12875570-kaiju.tsv	0.000022	3	708126	taxonid:708126
SRR12875570_pe-SRR12875570-kaiju.tsv	0.000022	3	712435	taxonid:712435
SRR12875570_pe-SRR12875570-kaiju.tsv	0.000022	3	1123043	taxonid:1123043
SRR12875570_pe-SRR12875570-kaiju.tsv	0.000022	3	1134435	taxonid:1134435
SRR12875570_pe-SRR12875570-kaiju.tsv	0.000022	3	1183413	taxonid:1183413
SRR12875570_pe-SRR12875570-kaiju.tsv	0.000022	3	1332080	taxonid:1332080
SRR12875570_pe-SRR12875570-kaiju.tsv	0.000022	3	1348613	taxonid:1348613
SRR12875570_pe-SRR12875570-kaiju.tsv	0.000022	3	1349819	taxonid:1349819
SRR12875570_pe-SRR12875570-kaiju.tsv	0.000022	3	1550241	taxonid:1550241
SRR12875570_pe-SRR12875570-kaiju.tsv	0.000022	3	1620421	taxonid:1620421
SRR12875570_pe-SRR12875570-kaiju.tsv	0.000022	3	1790137	taxonid:1790137
SRR12875570_pe-SRR12875570-kaiju.tsv	0.000022	3	1796635	taxonid:1796635
SRR12875570_pe-SRR12875570-kaiju.tsv	0.000022	3	1871025	taxonid:1871025
SRR12875570_pe-SRR12875570-kaiju.tsv	0.000022	3	1981174	taxonid:1981174
SRR12875570_pe-SRR12875570-kaiju.tsv	0.000022	3	2083786	taxonid:2083786
SRR12875570_pe-SRR12875570-kaiju.tsv	0.000022	3	2116657	taxonid:2116657
SRR12875570_pe-SRR12875570-kaiju.tsv	0.000022	3	2488665	taxonid:2488665
SRR12875570_pe-SRR12875570-kaiju.tsv	0.000022	3	2516557	taxonid:2516557
SRR12875570_pe-SRR12875570-kaiju.tsv	0.000022	3	2545455	taxonid:2545455
SRR12875570_pe-SRR12875570-kaiju.tsv	0.000022	3	2559073	taxonid:2559073
SRR12875570_pe-SRR12875570-kaiju.tsv	0.000022	3	2583823	taxonid:2583823
SRR12875570_pe-SRR12875570-kaiju.tsv	0.000022	3	2592334	taxonid:2592334
SRR12875570_pe-SRR12875570-kaiju.tsv	0.000022	3	2654676	taxonid:2654676
SRR12875570_pe-SRR12875570-kaiju.tsv	0.000022	3	2676868	taxonid:2676868
SRR12875570_pe-SRR12875570-kaiju.tsv	0.000022	3	2705473	taxonid:2705473
SRR12875570_pe-SRR12875570-kaiju.tsv	0.000022	3	2714945	taxonid:2714945
SRR12875570_pe-SRR12875570-kaiju.tsv	0.000022	3	2731377	taxonid:2731377
SRR12875570_pe-SRR12875570-kaiju.tsv	0.000022	3	2806263	taxonid:2806263
SRR12875570_pe-SRR12875570-kaiju.tsv	0.000022	3	2810514	taxonid:2810514
SRR12875570_pe-SRR12875570-kaiju.tsv	0.000022	3	2811108	taxonid:2811108
SRR12875570_pe-SRR12875570-kaiju.tsv	0.000022	3	2816908	taxonid:2816908
SRR12875570_pe-SRR12875570-kaiju.tsv	0.000022	3	2851598	taxonid:2851598
SRR12875570_pe-SRR12875570-kaiju.tsv	0.000015	2	210	taxonid:210
SRR12875570_pe-SRR12875570-kaiju.tsv	0.000015	2	258	taxonid:258
SRR12875570_pe-SRR12875570-kaiju.tsv	0.000015	2	999	taxonid:999
SRR12875570_pe-SRR12875570-kaiju.tsv	0.000015	2	1252	taxonid:1252
SRR12875570_pe-SRR12875570-kaiju.tsv	0.000015	2	1359	taxonid:1359
SRR12875570_pe-SRR12875570-kaiju.tsv	0.000015	2	1623	taxonid:1623
SRR12875570_pe-SRR12875570-kaiju.tsv	0.000015	2	13689	taxonid:13689
SRR12875570_pe-SRR12875570-kaiju.tsv	0.000015	2	28188	taxonid:28188
SRR12875570_pe-SRR12875570-kaiju.tsv	0.000015	2	29341	taxonid:29341
SRR12875570_pe-SRR12875570-kaiju.tsv	0.000015	2	33945	taxonid:33945
SRR12875570_pe-SRR12875570-kaiju.tsv	0.000015	2	37923	taxonid:37923
SRR12875570_pe-SRR12875570-kaiju.tsv	0.000015	2	38304	taxonid:38304
SRR12875570_pe-SRR12875570-kaiju.tsv	0.000015	2	40576	taxonid:40576
SRR12875570_pe-SRR12875570-kaiju.tsv	0.000015	2	46503	taxonid:46503
SRR12875570_pe-SRR12875570-kaiju.tsv	0.000015	2	61435	taxonid:61435
SRR12875570_pe-SRR12875570-kaiju.tsv	0.000015	2	69539	taxonid:69539
SRR12875570_pe-SRR12875570-kaiju.tsv	0.000015	2	75697	taxonid:75697
SRR12875570_pe-SRR12875570-kaiju.tsv	0.000015	2	77095	taxonid:77095
SRR12875570_pe-SRR12875570-kaiju.tsv	0.000015	2	80866	taxonid:80866
SRR12875570_pe-SRR12875570-kaiju.tsv	0.000015	2	83552	taxonid:83552
SRR12875570_pe-SRR12875570-kaiju.tsv	0.000015	2	110321	taxonid:110321
SRR12875570_pe-SRR12875570-kaiju.tsv	0.000015	2	116188	taxonid:116188
SRR12875570_pe-SRR12875570-kaiju.tsv	0.000015	2	129338	taxonid:129338
SRR12875570_pe-SRR12875570-kaiju.tsv	0.000015	2	146919	taxonid:146919
SRR12875570_pe-SRR12875570-kaiju.tsv	0.000015	2	215591	taxonid:215591
SRR12875570_pe-SRR12875570-kaiju.tsv	0.000015	2	291645	taxonid:291645
SRR12875570_pe-SRR12875570-kaiju.tsv	0.000015	2	292800	taxonid:292800
SRR12875570_pe-SRR12875570-kaiju.tsv	0.000015	2	296591	taxonid:296591
SRR12875570_pe-SRR12875570-kaiju.tsv	0.000015	2	311230	taxonid:311230
SRR12875570_pe-SRR12875570-kaiju.tsv	0.000015	2	370405	taxonid:370405
SRR12875570_pe-SRR12875570-kaiju.tsv	0.000015	2	375929	taxonid:375929
SRR12875570_pe-SRR12875570-kaiju.tsv	0.000015	2	430522	taxonid:430522
SRR12875570_pe-SRR12875570-kaiju.tsv	0.000015	2	433296	taxonid:433296
SRR12875570_pe-SRR12875570-kaiju.tsv	0.000015	2	435897	taxonid:435897
SRR12875570_pe-SRR12875570-kaiju.tsv	0.000015	2	472834	taxonid:472834
SRR12875570_pe-SRR12875570-kaiju.tsv	0.000015	2	587753	taxonid:587753
SRR12875570_pe-SRR12875570-kaiju.tsv	0.000015	2	683124	taxonid:683124
SRR12875570_pe-SRR12875570-kaiju.tsv	0.000015	2	754477	taxonid:754477
SRR12875570_pe-SRR12875570-kaiju.tsv	0.000015	2	755307	taxonid:755307
SRR12875570_pe-SRR12875570-kaiju.tsv	0.000015	2	863643	taxonid:863643
SRR12875570_pe-SRR12875570-kaiju.tsv	0.000015	2	940615	taxonid:940615
SRR12875570_pe-SRR12875570-kaiju.tsv	0.000015	2	1134405	taxonid:1134405
SRR12875570_pe-SRR12875570-kaiju.tsv	0.000015	2	1160795	taxonid:1160795
SRR12875570_pe-SRR12875570-kaiju.tsv	0.000015	2	1197460	taxonid:1197460
SRR12875570_pe-SRR12875570-kaiju.tsv	0.000015	2	1263979	taxonid:1263979
SRR12875570_pe-SRR12875570-kaiju.tsv	0.000015	2	1408204	taxonid:1408204
SRR12875570_pe-SRR12875570-kaiju.tsv	0.000015	2	1471761	taxonid:1471761
SRR12875570_pe-SRR12875570-kaiju.tsv	0.000015	2	1517551	taxonid:1517551
SRR12875570_pe-SRR12875570-kaiju.tsv	0.000015	2	1536774	taxonid:1536774
SRR12875570_pe-SRR12875570-kaiju.tsv	0.000015	2	1581011	taxonid:1581011
SRR12875570_pe-SRR12875570-kaiju.tsv	0.000015	2	1660080	taxonid:1660080
SRR12875570_pe-SRR12875570-kaiju.tsv	0.000015	2	1670641	taxonid:1670641
SRR12875570_pe-SRR12875570-kaiju.tsv	0.000015	2	1784713	taxonid:1784713
SRR12875570_pe-SRR12875570-kaiju.tsv	0.000015	2	1810504	taxonid:1810504
SRR12875570_pe-SRR12875570-kaiju.tsv	0.000015	2	1833852	taxonid:1833852
SRR12875570_pe-SRR12875570-kaiju.tsv	0.000015	2	1891926	taxonid:1891926
SRR12875570_pe-SRR12875570-kaiju.tsv	0.000015	2	1906741	taxonid:1906741
SRR12875570_pe-SRR12875570-kaiju.tsv	0.000015	2	2051553	taxonid:2051553
SRR12875570_pe-SRR12875570-kaiju.tsv	0.000015	2	2201181	taxonid:2201181
SRR12875570_pe-SRR12875570-kaiju.tsv	0.000015	2	2483110	taxonid:2483110
SRR12875570_pe-SRR12875570-kaiju.tsv	0.000015	2	2502781	taxonid:2502781
SRR12875570_pe-SRR12875570-kaiju.tsv	0.000015	2	2509456	taxonid:2509456
SRR12875570_pe-SRR12875570-kaiju.tsv	0.000015	2	2572594	taxonid:2572594
SRR12875570_pe-SRR12875570-kaiju.tsv	0.000015	2	2675298	taxonid:2675298
SRR12875570_pe-SRR12875570-kaiju.tsv	0.000015	2	2714353	taxonid:2714353
SRR12875570_pe-SRR12875570-kaiju.tsv	0.000015	2	2714927	taxonid:2714927
SRR12875570_pe-SRR12875570-kaiju.tsv	0.000015	2	2714929	taxonid:2714929
SRR12875570_pe-SRR12875570-kaiju.tsv	0.000015	2	2778078	taxonid:2778078
SRR12875570_pe-SRR12875570-kaiju.tsv	0.000015	2	2829812	taxonid:2829812
SRR12875570_pe-SRR12875570-kaiju.tsv	0.000015	2	2830782	taxonid:2830782
SRR12875570_pe-SRR12875570-kaiju.tsv	0.000015	2	2856519	taxonid:2856519
SRR12875570_pe-SRR12875570-kaiju.tsv	0.000015	2	2875764	taxonid:2875764
SRR12875570_pe-SRR12875570-kaiju.tsv	0.000015	2	2893886	taxonid:2893886
SRR12875570_pe-SRR12875570-kaiju.tsv	0.000015	2	2898187	taxonid:2898187
SRR12875570_pe-SRR12875570-kaiju.tsv	0.000015	2	2903900	taxonid:2903900
SRR12875570_pe-SRR12875570-kaiju.tsv	0.000015	2	2914041	taxonid:2914041
SRR12875570_pe-SRR12875570-kaiju.tsv	0.000007	1	52	taxonid:52
SRR12875570_pe-SRR12875570-kaiju.tsv	0.000007	1	72	taxonid:72
SRR12875570_pe-SRR12875570-kaiju.tsv	0.000007	1	214	taxonid:214
SRR12875570_pe-SRR12875570-kaiju.tsv	0.000007	1	292	taxonid:292
SRR12875570_pe-SRR12875570-kaiju.tsv	0.000007	1	353	taxonid:353
SRR12875570_pe-SRR12875570-kaiju.tsv	0.000007	1	542	taxonid:542
SRR12875570_pe-SRR12875570-kaiju.tsv	0.000007	1	777	taxonid:777
SRR12875570_pe-SRR12875570-kaiju.tsv	0.000007	1	849	taxonid:849
SRR12875570_pe-SRR12875570-kaiju.tsv	0.000007	1	926	taxonid:926
SRR12875570_pe-SRR12875570-kaiju.tsv	0.000007	1	1094	taxonid:1094
SRR12875570_pe-SRR12875570-kaiju.tsv	0.000007	1	1219	taxonid:1219
SRR12875570_pe-SRR12875570-kaiju.tsv	0.000007	1	1283	taxonid:1283
SRR12875570_pe-SRR12875570-kaiju.tsv	0.000007	1	1340	taxonid:1340
SRR12875570_pe-SRR12875570-kaiju.tsv	0.000007	1	1405	taxonid:1405
SRR12875570_pe-SRR12875570-kaiju.tsv	0.000007	1	1455	taxonid:1455
SRR12875570_pe-SRR12875570-kaiju.tsv	0.000007	1	1515	taxonid:1515
SRR12875570_pe-SRR12875570-kaiju.tsv	0.000007	1	1599	taxonid:1599
SRR12875570_pe-SRR12875570-kaiju.tsv	0.000007	1	1703	taxonid:1703
SRR12875570_pe-SRR12875570-kaiju.tsv	0.000007	1	1919	taxonid:1919
SRR12875570_pe-SRR12875570-kaiju.tsv	0.000007	1	2039	taxonid:2039
SRR12875570_pe-SRR12875570-kaiju.tsv	0.000007	1	2094	taxonid:2094
SRR12875570_pe-SRR12875570-kaiju.tsv	0.000007	1	2096	taxonid:2096
SRR12875570_pe-SRR12875570-kaiju.tsv	0.000007	1	2145	taxonid:2145
SRR12875570_pe-SRR12875570-kaiju.tsv	0.000007	1	2215	taxonid:2215
SRR12875570_pe-SRR12875570-kaiju.tsv	0.000007	1	2702	taxonid:2702
SRR12875570_pe-SRR12875570-kaiju.tsv	0.000007	1	2734	taxonid:2734
SRR12875570_pe-SRR12875570-kaiju.tsv	0.000007	1	2738	taxonid:2738
SRR12875570_pe-SRR12875570-kaiju.tsv	0.000007	1	2751	taxonid:2751
SRR12875570_pe-SRR12875570-kaiju.tsv	0.000007	1	13690	taxonid:13690
SRR12875570_pe-SRR12875570-kaiju.tsv	0.000007	1	28038	taxonid:28038
SRR12875570_pe-SRR12875570-kaiju.tsv	0.000007	1	28090	taxonid:28090
SRR12875570_pe-SRR12875570-kaiju.tsv	0.000007	1	28112	taxonid:28112
SRR12875570_pe-SRR12875570-kaiju.tsv	0.000007	1	28223	taxonid:28223
SRR12875570_pe-SRR12875570-kaiju.tsv	0.000007	1	29388	taxonid:29388
SRR12875570_pe-SRR12875570-kaiju.tsv	0.000007	1	29405	taxonid:29405
SRR12875570_pe-SRR12875570-kaiju.tsv	0.000007	1	29556	taxonid:29556
SRR12875570_pe-SRR12875570-kaiju.tsv	0.000007	1	31909	taxonid:31909
SRR12875570_pe-SRR12875570-kaiju.tsv	0.000007	1	33011	taxonid:33011
SRR12875570_pe-SRR12875570-kaiju.tsv	0.000007	1	33033	taxonid:33033
SRR12875570_pe-SRR12875570-kaiju.tsv	0.000007	1	33043	taxonid:33043
SRR12875570_pe-SRR12875570-kaiju.tsv	0.000007	1	33962	taxonid:33962
SRR12875570_pe-SRR12875570-kaiju.tsv	0.000007	1	34061	taxonid:34061
SRR12875570_pe-SRR12875570-kaiju.tsv	0.000007	1	40545	taxonid:40545
SRR12875570_pe-SRR12875570-kaiju.tsv	0.000007	1	43669	taxonid:43669
SRR12875570_pe-SRR12875570-kaiju.tsv	0.000007	1	44574	taxonid:44574
SRR12875570_pe-SRR12875570-kaiju.tsv	0.000007	1	45243	taxonid:45243
SRR12875570_pe-SRR12875570-kaiju.tsv	0.000007	1	51229	taxonid:51229
SRR12875570_pe-SRR12875570-kaiju.tsv	0.000007	1	54571	taxonid:54571
SRR12875570_pe-SRR12875570-kaiju.tsv	0.000007	1	66374	taxonid:66374
SRR12875570_pe-SRR12875570-kaiju.tsv	0.000007	1	68280	taxonid:68280
SRR12875570_pe-SRR12875570-kaiju.tsv	0.000007	1	71433	taxonid:71433
SRR12875570_pe-SRR12875570-kaiju.tsv	0.000007	1	76335	taxonid:76335
SRR12875570_pe-SRR12875570-kaiju.tsv	0.000007	1	77635	taxonid:77635
SRR12875570_pe-SRR12875570-kaiju.tsv	0.000007	1	79880	taxonid:79880
SRR12875570_pe-SRR12875570-kaiju.tsv	0.000007	1	82633	taxonid:82633
SRR12875570_pe-SRR12875570-kaiju.tsv	0.000007	1	84032	taxonid:84032
SRR12875570_pe-SRR12875570-kaiju.tsv	0.000007	1	95485	taxonid:95485
SRR12875570_pe-SRR12875570-kaiju.tsv	0.000007	1	96773	taxonid:96773
SRR12875570_pe-SRR12875570-kaiju.tsv	0.000007	1	99598	taxonid:99598
SRR12875570_pe-SRR12875570-kaiju.tsv	0.000007	1	101385	taxonid:101385
SRR12875570_pe-SRR12875570-kaiju.tsv	0.000007	1	104609	taxonid:104609
SRR12875570_pe-SRR12875570-kaiju.tsv	0.000007	1	114186	taxonid:114186
SRR12875570_pe-SRR12875570-kaiju.tsv	0.000007	1	119394	taxonid:119394
SRR12875570_pe-SRR12875570-kaiju.tsv	0.000007	1	133453	taxonid:133453
SRR12875570_pe-SRR12875570-kaiju.tsv	0.000007	1	147206	taxonid:147206
SRR12875570_pe-SRR12875570-kaiju.tsv	0.000007	1	158849	taxonid:158849
SRR12875570_pe-SRR12875570-kaiju.tsv	0.000007	1	171279	taxonid:171279
SRR12875570_pe-SRR12875570-kaiju.tsv	0.000007	1	171285	taxonid:171285
SRR12875570_pe-SRR12875570-kaiju.tsv	0.000007	1	181486	taxonid:181486
SRR12875570_pe-SRR12875570-kaiju.tsv	0.000007	1	189426	taxonid:189426
SRR12875570_pe-SRR12875570-kaiju.tsv	0.000007	1	195105	taxonid:195105
SRR12875570_pe-SRR12875570-kaiju.tsv	0.000007	1	205844	taxonid:205844
SRR12875570_pe-SRR12875570-kaiju.tsv	0.000007	1	209247	taxonid:209247
SRR12875570_pe-SRR12875570-kaiju.tsv	0.000007	1	216465	taxonid:216465
SRR12875570_pe-SRR12875570-kaiju.tsv	0.000007	1	216938	taxonid:216938
SRR12875570_pe-SRR12875570-kaiju.tsv	0.000007	1	228899	taxonid:228899
SRR12875570_pe-SRR12875570-kaiju.tsv	0.000007	1	244566	taxonid:244566
SRR12875570_pe-SRR12875570-kaiju.tsv	0.000007	1	246787	taxonid:246787
SRR12875570_pe-SRR12875570-kaiju.tsv	0.000007	1	247481	taxonid:247481
SRR12875570_pe-SRR12875570-kaiju.tsv	0.000007	1	279828	taxonid:279828
SRR12875570_pe-SRR12875570-kaiju.tsv	0.000007	1	280236	taxonid:280236
SRR12875570_pe-SRR12875570-kaiju.tsv	0.000007	1	281093	taxonid:281093
SRR12875570_pe-SRR12875570-kaiju.tsv	0.000007	1	281120	taxonid:281120
SRR12875570_pe-SRR12875570-kaiju.tsv	0.000007	1	285578	taxonid:285578
SRR12875570_pe-SRR12875570-kaiju.tsv	0.000007	1	290110	taxonid:290110
SRR12875570_pe-SRR12875570-kaiju.tsv	0.000007	1	293387	taxonid:293387
SRR12875570_pe-SRR12875570-kaiju.tsv	0.000007	1	301585	taxonid:301585
SRR12875570_pe-SRR12875570-kaiju.tsv	0.000007	1	312277	taxonid:312277
SRR12875570_pe-SRR12875570-kaiju.tsv	0.000007	1	332249	taxonid:332249
SRR12875570_pe-SRR12875570-kaiju.tsv	0.000007	1	338645	taxonid:338645
SRR12875570_pe-SRR12875570-kaiju.tsv	0.000007	1	386490	taxonid:386490
SRR12875570_pe-SRR12875570-kaiju.tsv	0.000007	1	398049	taxonid:398049
SRR12875570_pe-SRR12875570-kaiju.tsv	0.000007	1	415229	taxonid:415229
SRR12875570_pe-SRR12875570-kaiju.tsv	0.000007	1	431057	taxonid:431057
SRR12875570_pe-SRR12875570-kaiju.tsv	0.000007	1	447217	taxonid:447217
SRR12875570_pe-SRR12875570-kaiju.tsv	0.000007	1	513050	taxonid:513050
SRR12875570_pe-SRR12875570-kaiju.tsv	0.000007	1	553814	taxonid:553814
SRR12875570_pe-SRR12875570-kaiju.tsv	0.000007	1	556325	taxonid:556325
SRR12875570_pe-SRR12875570-kaiju.tsv	0.000007	1	593909	taxonid:593909
SRR12875570_pe-SRR12875570-kaiju.tsv	0.000007	1	649756	taxonid:649756
SRR12875570_pe-SRR12875570-kaiju.tsv	0.000007	1	656366	taxonid:656366
SRR12875570_pe-SRR12875570-kaiju.tsv	0.000007	1	661488	taxonid:661488
SRR12875570_pe-SRR12875570-kaiju.tsv	0.000007	1	662548	taxonid:662548
SRR12875570_pe-SRR12875570-kaiju.tsv	0.000007	1	693075	taxonid:693075
SRR12875570_pe-SRR12875570-kaiju.tsv	0.000007	1	693750	taxonid:693750
SRR12875570_pe-SRR12875570-kaiju.tsv	0.000007	1	713887	taxonid:713887
SRR12875570_pe-SRR12875570-kaiju.tsv	0.000007	1	714067	taxonid:714067
SRR12875570_pe-SRR12875570-kaiju.tsv	0.000007	1	751944	taxonid:751944
SRR12875570_pe-SRR12875570-kaiju.tsv	0.000007	1	754517	taxonid:754517
SRR12875570_pe-SRR12875570-kaiju.tsv	0.000007	1	998845	taxonid:998845
SRR12875570_pe-SRR12875570-kaiju.tsv	0.000007	1	1007105	taxonid:1007105
SRR12875570_pe-SRR12875570-kaiju.tsv	0.000007	1	1041504	taxonid:1041504
SRR12875570_pe-SRR12875570-kaiju.tsv	0.000007	1	1069221	taxonid:1069221
SRR12875570_pe-SRR12875570-kaiju.tsv	0.000007	1	1166950	taxonid:1166950
SRR12875570_pe-SRR12875570-kaiju.tsv	0.000007	1	1178515	taxonid:1178515
SRR12875570_pe-SRR12875570-kaiju.tsv	0.000007	1	1178516	taxonid:1178516
SRR12875570_pe-SRR12875570-kaiju.tsv	0.000007	1	1178778	taxonid:1178778
SRR12875570_pe-SRR12875570-kaiju.tsv	0.000007	1	1282737	taxonid:1282737
SRR12875570_pe-SRR12875570-kaiju.tsv	0.000007	1	1295609	taxonid:1295609
SRR12875570_pe-SRR12875570-kaiju.tsv	0.000007	1	1336794	taxonid:1336794
SRR12875570_pe-SRR12875570-kaiju.tsv	0.000007	1	1458425	taxonid:1458425
SRR12875570_pe-SRR12875570-kaiju.tsv	0.000007	1	1484118	taxonid:1484118
SRR12875570_pe-SRR12875570-kaiju.tsv	0.000007	1	1492737	taxonid:1492737
SRR12875570_pe-SRR12875570-kaiju.tsv	0.000007	1	1538158	taxonid:1538158
SRR12875570_pe-SRR12875570-kaiju.tsv	0.000007	1	1548548	taxonid:1548548
SRR12875570_pe-SRR12875570-kaiju.tsv	0.000007	1	1579979	taxonid:1579979
SRR12875570_pe-SRR12875570-kaiju.tsv	0.000007	1	1604004	taxonid:1604004
SRR12875570_pe-SRR12875570-kaiju.tsv	0.000007	1	1608628	taxonid:1608628
SRR12875570_pe-SRR12875570-kaiju.tsv	0.000007	1	1609559	taxonid:1609559
SRR12875570_pe-SRR12875570-kaiju.tsv	0.000007	1	1609758	taxonid:1609758
SRR12875570_pe-SRR12875570-kaiju.tsv	0.000007	1	1727163	taxonid:1727163
SRR12875570_pe-SRR12875570-kaiju.tsv	0.000007	1	1737490	taxonid:1737490
SRR12875570_pe-SRR12875570-kaiju.tsv	0.000007	1	1750598	taxonid:1750598
SRR12875570_pe-SRR12875570-kaiju.tsv	0.000007	1	1755811	taxonid:1755811
SRR12875570_pe-SRR12875570-kaiju.tsv	0.000007	1	1774273	taxonid:1774273
SRR12875570_pe-SRR12875570-kaiju.tsv	0.000007	1	1795630	taxonid:1795630
SRR12875570_pe-SRR12875570-kaiju.tsv	0.000007	1	1806885	taxonid:1806885
SRR12875570_pe-SRR12875570-kaiju.tsv	0.000007	1	1809410	taxonid:1809410
SRR12875570_pe-SRR12875570-kaiju.tsv	0.000007	1	1823759	taxonid:1823759
SRR12875570_pe-SRR12875570-kaiju.tsv	0.000007	1	1826607	taxonid:1826607
SRR12875570_pe-SRR12875570-kaiju.tsv	0.000007	1	1842537	taxonid:1842537
SRR12875570_pe-SRR12875570-kaiju.tsv	0.000007	1	1850246	taxonid:1850246
SRR12875570_pe-SRR12875570-kaiju.tsv	0.000007	1	1851514	taxonid:1851514
SRR12875570_pe-SRR12875570-kaiju.tsv	0.000007	1	1852373	taxonid:1852373
SRR12875570_pe-SRR12875570-kaiju.tsv	0.000007	1	1855823	taxonid:1855823
SRR12875570_pe-SRR12875570-kaiju.tsv	0.000007	1	1903704	taxonid:1903704
SRR12875570_pe-SRR12875570-kaiju.tsv	0.000007	1	1914461	taxonid:1914461
SRR12875570_pe-SRR12875570-kaiju.tsv	0.000007	1	1922217	taxonid:1922217
SRR12875570_pe-SRR12875570-kaiju.tsv	0.000007	1	1931241	taxonid:1931241
SRR12875570_pe-SRR12875570-kaiju.tsv	0.000007	1	1936021	taxonid:1936021
SRR12875570_pe-SRR12875570-kaiju.tsv	0.000007	1	1960083	taxonid:1960083
SRR12875570_pe-SRR12875570-kaiju.tsv	0.000007	1	1977088	taxonid:1977088
SRR12875570_pe-SRR12875570-kaiju.tsv	0.000007	1	2006115	taxonid:2006115
SRR12875570_pe-SRR12875570-kaiju.tsv	0.000007	1	2023229	taxonid:2023229
SRR12875570_pe-SRR12875570-kaiju.tsv	0.000007	1	2051552	taxonid:2051552
SRR12875570_pe-SRR12875570-kaiju.tsv	0.000007	1	2093824	taxonid:2093824
SRR12875570_pe-SRR12875570-kaiju.tsv	0.000007	1	2094025	taxonid:2094025
SRR12875570_pe-SRR12875570-kaiju.tsv	0.000007	1	2170745	taxonid:2170745
SRR12875570_pe-SRR12875570-kaiju.tsv	0.000007	1	2213194	taxonid:2213194
SRR12875570_pe-SRR12875570-kaiju.tsv	0.000007	1	2294119	taxonid:2294119
SRR12875570_pe-SRR12875570-kaiju.tsv	0.000007	1	2320867	taxonid:2320867
SRR12875570_pe-SRR12875570-kaiju.tsv	0.000007	1	2341117	taxonid:2341117
SRR12875570_pe-SRR12875570-kaiju.tsv	0.000007	1	2480625	taxonid:2480625
SRR12875570_pe-SRR12875570-kaiju.tsv	0.000007	1	2498135	taxonid:2498135
SRR12875570_pe-SRR12875570-kaiju.tsv	0.000007	1	2518177	taxonid:2518177
SRR12875570_pe-SRR12875570-kaiju.tsv	0.000007	1	2527995	taxonid:2527995
SRR12875570_pe-SRR12875570-kaiju.tsv	0.000007	1	2567881	taxonid:2567881
SRR12875570_pe-SRR12875570-kaiju.tsv	0.000007	1	2571746	taxonid:2571746
SRR12875570_pe-SRR12875570-kaiju.tsv	0.000007	1	2576891	taxonid:2576891
SRR12875570_pe-SRR12875570-kaiju.tsv	0.000007	1	2590012	taxonid:2590012
SRR12875570_pe-SRR12875570-kaiju.tsv	0.000007	1	2591109	taxonid:2591109
SRR12875570_pe-SRR12875570-kaiju.tsv	0.000007	1	2593653	taxonid:2593653
SRR12875570_pe-SRR12875570-kaiju.tsv	0.000007	1	2607662	taxonid:2607662
SRR12875570_pe-SRR12875570-kaiju.tsv	0.000007	1	2608982	taxonid:2608982
SRR12875570_pe-SRR12875570-kaiju.tsv	0.000007	1	2613965	taxonid:2613965
SRR12875570_pe-SRR12875570-kaiju.tsv	0.000007	1	2672569	taxonid:2672569
SRR12875570_pe-SRR12875570-kaiju.tsv	0.000007	1	2681549	taxonid:2681549
SRR12875570_pe-SRR12875570-kaiju.tsv	0.000007	1	2686077	taxonid:2686077
SRR12875570_pe-SRR12875570-kaiju.tsv	0.000007	1	2689109	taxonid:2689109
SRR12875570_pe-SRR12875570-kaiju.tsv	0.000007	1	2704465	taxonid:2704465
SRR12875570_pe-SRR12875570-kaiju.tsv	0.000007	1	2710758	taxonid:2710758
SRR12875570_pe-SRR12875570-kaiju.tsv	0.000007	1	2711328	taxonid:2711328
SRR12875570_pe-SRR12875570-kaiju.tsv	0.000007	1	2714923	taxonid:2714923
SRR12875570_pe-SRR12875570-kaiju.tsv	0.000007	1	2714947	taxonid:2714947
SRR12875570_pe-SRR12875570-kaiju.tsv	0.000007	1	2726122	taxonid:2726122
SRR12875570_pe-SRR12875570-kaiju.tsv	0.000007	1	2728020	taxonid:2728020
SRR12875570_pe-SRR12875570-kaiju.tsv	0.000007	1	2730360	taxonid:2730360
SRR12875570_pe-SRR12875570-kaiju.tsv	0.000007	1	2733487	taxonid:2733487
SRR12875570_pe-SRR12875570-kaiju.tsv	0.000007	1	2739062	taxonid:2739062
SRR12875570_pe-SRR12875570-kaiju.tsv	0.000007	1	2742132	taxonid:2742132
SRR12875570_pe-SRR12875570-kaiju.tsv	0.000007	1	2742145	taxonid:2742145
SRR12875570_pe-SRR12875570-kaiju.tsv	0.000007	1	2743001	taxonid:2743001
SRR12875570_pe-SRR12875570-kaiju.tsv	0.000007	1	2745560	taxonid:2745560
SRR12875570_pe-SRR12875570-kaiju.tsv	0.000007	1	2759526	taxonid:2759526
SRR12875570_pe-SRR12875570-kaiju.tsv	0.000007	1	2762323	taxonid:2762323
SRR12875570_pe-SRR12875570-kaiju.tsv	0.000007	1	2762729	taxonid:2762729
SRR12875570_pe-SRR12875570-kaiju.tsv	0.000007	1	2763006	taxonid:2763006
SRR12875570_pe-SRR12875570-kaiju.tsv	0.000007	1	2764326	taxonid:2764326
SRR12875570_pe-SRR12875570-kaiju.tsv	0.000007	1	2770551	taxonid:2770551
SRR12875570_pe-SRR12875570-kaiju.tsv	0.000007	1	2771012	taxonid:2771012
SRR12875570_pe-SRR12875570-kaiju.tsv	0.000007	1	2772401	taxonid:2772401
SRR12875570_pe-SRR12875570-kaiju.tsv	0.000007	1	2775246	taxonid:2775246
SRR12875570_pe-SRR12875570-kaiju.tsv	0.000007	1	2779360	taxonid:2779360
SRR12875570_pe-SRR12875570-kaiju.tsv	0.000007	1	2785331	taxonid:2785331
SRR12875570_pe-SRR12875570-kaiju.tsv	0.000007	1	2789776	taxonid:2789776
SRR12875570_pe-SRR12875570-kaiju.tsv	0.000007	1	2795687	taxonid:2795687
SRR12875570_pe-SRR12875570-kaiju.tsv	0.000007	1	2802975	taxonid:2802975
SRR12875570_pe-SRR12875570-kaiju.tsv	0.000007	1	2806347	taxonid:2806347
SRR12875570_pe-SRR12875570-kaiju.tsv	0.000007	1	2817656	taxonid:2817656
SRR12875570_pe-SRR12875570-kaiju.tsv	0.000007	1	2818493	taxonid:2818493
SRR12875570_pe-SRR12875570-kaiju.tsv	0.000007	1	2819979	taxonid:2819979
SRR12875570_pe-SRR12875570-kaiju.tsv	0.000007	1	2819993	taxonid:2819993
SRR12875570_pe-SRR12875570-kaiju.tsv	0.000007	1	2822368	taxonid:2822368
SRR12875570_pe-SRR12875570-kaiju.tsv	0.000007	1	2836373	taxonid:2836373
SRR12875570_pe-SRR12875570-kaiju.tsv	0.000007	1	2842453	taxonid:2842453
SRR12875570_pe-SRR12875570-kaiju.tsv	0.000007	1	2849501	taxonid:2849501
SRR12875570_pe-SRR12875570-kaiju.tsv	0.000007	1	2859228	taxonid:2859228
SRR12875570_pe-SRR12875570-kaiju.tsv	0.000007	1	2878534	taxonid:2878534
SRR12875570_pe-SRR12875570-kaiju.tsv	0.000007	1	2896849	taxonid:2896849
SRR12875570_pe-SRR12875570-kaiju.tsv	0.000007	1	2918453	taxonid:2918453
SRR12875570_pe-SRR12875570-kaiju.tsv	97.195282	13328019	10239	Viruses
SRR12875570_pe-SRR12875570-kaiju.tsv	0.115864	15888	NA	cannot be assigned to a (non-viral) species
SRR12875570_pe-SRR12875570-kaiju.tsv	2.566767	351971	NA	unclassified
